"id","product_id","size","closure_type","color","color_hex","part_number","price_modifier","capacity","dimensions","weight","is_active","created_at","updated_at"
"526","1","2oz","Custody","Clear","#FFFFFF","ALS-2-CUSTODY","5.00","2oz","50x120mm","25.50","1","2025-07-18 15:06:13","2025-07-18 15:06:13"
"527","1","2oz","Custody","Blue","#0000FF","ALS-2-CUSTODY","6.00","2oz","50x120mm","25.50","1","2025-07-18 15:06:13","2025-07-18 15:06:13"
"528","1","2oz","Custody","Red","#FF0000","ALS-2-CUSTODY","6.00","2oz","50x120mm","25.50","1","2025-07-18 15:06:13","2025-07-18 15:06:13"
"529","1","2oz","Custody","Orange","#FFA500","ALS-2-CUSTODY","6.00","2oz","50x120mm","25.50","1","2025-07-18 15:06:13","2025-07-18 15:06:13"
"530","1","2oz","Custody","Yellow","#FFFF00","ALS-2-CUSTODY","6.00","2oz","50x120mm","25.50","1","2025-07-18 15:06:13","2025-07-18 15:06:13"
"531","1","2oz","Custody","White","#FFFFFF","ALS-2-CUSTODY","6.00","2oz","50x120mm","25.50","1","2025-07-18 15:06:13","2025-07-18 15:06:13"
"532","1","2oz","Custody","Purple","#800080","ALS-2-CUSTODY","6.00","2oz","50x120mm","25.50","1","2025-07-18 15:06:13","2025-07-18 15:06:13"
"533","1","2oz","Lock Tab","Clear","#FFFFFF","ALS-2-LOCKTAB","3.00","2oz","50x120mm","25.50","1","2025-07-18 15:06:13","2025-07-18 15:06:13"
"534","1","2oz","Lock Tab","Blue","#0000FF","ALS-2-LOCKTAB","4.00","2oz","50x120mm","25.50","1","2025-07-18 15:06:13","2025-07-18 15:06:13"
"535","1","2oz","Lock Tab","Red","#FF0000","ALS-2-LOCKTAB","4.00","2oz","50x120mm","25.50","1","2025-07-18 15:06:13","2025-07-18 15:06:13"
"536","1","2oz","Lock Tab","Orange","#FFA500","ALS-2-LOCKTAB","4.00","2oz","50x120mm","25.50","1","2025-07-18 15:06:13","2025-07-18 15:06:13"
"537","1","2oz","Lock Tab","Yellow","#FFFF00","ALS-2-LOCKTAB","4.00","2oz","50x120mm","25.50","1","2025-07-18 15:06:13","2025-07-18 15:06:13"
"538","1","2oz","Lock Tab","White","#FFFFFF","ALS-2-LOCKTAB","4.00","2oz","50x120mm","25.50","1","2025-07-18 15:06:13","2025-07-18 15:06:13"
"539","1","2oz","Lock Tab","Purple","#800080","ALS-2-LOCKTAB","4.00","2oz","50x120mm","25.50","1","2025-07-18 15:06:13","2025-07-18 15:06:13"
"540","1","2oz","Flip Top","Clear","#FFFFFF","ALS-2-FLIPTOP","2.00","2oz","50x120mm","25.50","1","2025-07-18 15:06:13","2025-07-18 15:06:13"
"541","1","2oz","Flip Top","Blue","#0000FF","ALS-2-FLIPTOP","3.00","2oz","50x120mm","25.50","1","2025-07-18 15:06:13","2025-07-18 15:06:13"
"542","1","2oz","Flip Top","Red","#FF0000","ALS-2-FLIPTOP","3.00","2oz","50x120mm","25.50","1","2025-07-18 15:06:13","2025-07-18 15:06:13"
"543","1","2oz","Flip Top","Orange","#FFA500","ALS-2-FLIPTOP","3.00","2oz","50x120mm","25.50","1","2025-07-18 15:06:13","2025-07-18 15:06:13"
"544","1","2oz","Flip Top","Yellow","#FFFF00","ALS-2-FLIPTOP","3.00","2oz","50x120mm","25.50","1","2025-07-18 15:06:13","2025-07-18 15:06:13"
"545","1","2oz","Flip Top","White","#FFFFFF","ALS-2-FLIPTOP","3.00","2oz","50x120mm","25.50","1","2025-07-18 15:06:13","2025-07-18 15:06:13"
"546","1","2oz","Flip Top","Purple","#800080","ALS-2-FLIPTOP","3.00","2oz","50x120mm","25.50","1","2025-07-18 15:06:13","2025-07-18 15:06:13"
"547","1","2oz","Snap Seal","Clear","#FFFFFF","ALS-2-SNAPSEAL","1.00","2oz","50x120mm","25.50","1","2025-07-18 15:06:13","2025-07-18 15:06:13"
"548","1","2oz","Snap Seal","Blue","#0000FF","ALS-2-SNAPSEAL","2.00","2oz","50x120mm","25.50","1","2025-07-18 15:06:13","2025-07-18 15:06:13"
"549","1","2oz","Snap Seal","Red","#FF0000","ALS-2-SNAPSEAL","2.00","2oz","50x120mm","25.50","1","2025-07-18 15:06:13","2025-07-18 15:06:13"
"550","1","2oz","Snap Seal","Orange","#FFA500","ALS-2-SNAPSEAL","2.00","2oz","50x120mm","25.50","1","2025-07-18 15:06:13","2025-07-18 15:06:13"
"551","1","2oz","Snap Seal","Yellow","#FFFF00","ALS-2-SNAPSEAL","2.00","2oz","50x120mm","25.50","1","2025-07-18 15:06:13","2025-07-18 15:06:13"
"552","1","2oz","Snap Seal","White","#FFFFFF","ALS-2-SNAPSEAL","2.00","2oz","50x120mm","25.50","1","2025-07-18 15:06:13","2025-07-18 15:06:13"
"553","1","2oz","Snap Seal","Purple","#800080","ALS-2-SNAPSEAL","2.00","2oz","50x120mm","25.50","1","2025-07-18 15:06:13","2025-07-18 15:06:13"
"554","1","2oz","Screw Cap","Clear","#FFFFFF","ALS-2-SCREWCAP","1.50","2oz","50x120mm","25.50","1","2025-07-18 15:06:13","2025-07-18 15:06:13"
"555","1","2oz","Screw Cap","Blue","#0000FF","ALS-2-SCREWCAP","2.50","2oz","50x120mm","25.50","1","2025-07-18 15:06:13","2025-07-18 15:06:13"
"556","1","2oz","Screw Cap","Red","#FF0000","ALS-2-SCREWCAP","2.50","2oz","50x120mm","25.50","1","2025-07-18 15:06:13","2025-07-18 15:06:13"
"557","1","2oz","Screw Cap","Orange","#FFA500","ALS-2-SCREWCAP","2.50","2oz","50x120mm","25.50","1","2025-07-18 15:06:13","2025-07-18 15:06:13"
"558","1","2oz","Screw Cap","Yellow","#FFFF00","ALS-2-SCREWCAP","2.50","2oz","50x120mm","25.50","1","2025-07-18 15:06:13","2025-07-18 15:06:13"
"559","1","2oz","Screw Cap","White","#FFFFFF","ALS-2-SCREWCAP","2.50","2oz","50x120mm","25.50","1","2025-07-18 15:06:13","2025-07-18 15:06:13"
"560","1","2oz","Screw Cap","Purple","#800080","ALS-2-SCREWCAP","2.50","2oz","50x120mm","25.50","1","2025-07-18 15:06:13","2025-07-18 15:06:13"
"561","2","4oz","Custody","Clear","#FFFFFF","ALS-4-CUSTODY","5.00","4oz","50x120mm","25.50","1","2025-07-18 15:06:13","2025-07-18 15:06:13"
"562","2","4oz","Custody","Blue","#0000FF","ALS-4-CUSTODY","6.00","4oz","50x120mm","25.50","1","2025-07-18 15:06:13","2025-07-18 15:06:13"
"563","2","4oz","Custody","Red","#FF0000","ALS-4-CUSTODY","6.00","4oz","50x120mm","25.50","1","2025-07-18 15:06:13","2025-07-18 15:06:13"
"564","2","4oz","Custody","Orange","#FFA500","ALS-4-CUSTODY","6.00","4oz","50x120mm","25.50","1","2025-07-18 15:06:13","2025-07-18 15:06:13"
"565","2","4oz","Custody","Yellow","#FFFF00","ALS-4-CUSTODY","6.00","4oz","50x120mm","25.50","1","2025-07-18 15:06:13","2025-07-18 15:06:13"
"566","2","4oz","Custody","White","#FFFFFF","ALS-4-CUSTODY","6.00","4oz","50x120mm","25.50","1","2025-07-18 15:06:13","2025-07-18 15:06:13"
"567","2","4oz","Custody","Purple","#800080","ALS-4-CUSTODY","6.00","4oz","50x120mm","25.50","1","2025-07-18 15:06:13","2025-07-18 15:06:13"
"568","2","4oz","Lock Tab","Clear","#FFFFFF","ALS-4-LOCKTAB","3.00","4oz","50x120mm","25.50","1","2025-07-18 15:06:13","2025-07-18 15:06:13"
"569","2","4oz","Lock Tab","Blue","#0000FF","ALS-4-LOCKTAB","4.00","4oz","50x120mm","25.50","1","2025-07-18 15:06:13","2025-07-18 15:06:13"
"570","2","4oz","Lock Tab","Red","#FF0000","ALS-4-LOCKTAB","4.00","4oz","50x120mm","25.50","1","2025-07-18 15:06:13","2025-07-18 15:06:13"
"571","2","4oz","Lock Tab","Orange","#FFA500","ALS-4-LOCKTAB","4.00","4oz","50x120mm","25.50","1","2025-07-18 15:06:13","2025-07-18 15:06:13"
"572","2","4oz","Lock Tab","Yellow","#FFFF00","ALS-4-LOCKTAB","4.00","4oz","50x120mm","25.50","1","2025-07-18 15:06:13","2025-07-18 15:06:13"
"573","2","4oz","Lock Tab","White","#FFFFFF","ALS-4-LOCKTAB","4.00","4oz","50x120mm","25.50","1","2025-07-18 15:06:13","2025-07-18 15:06:13"
"574","2","4oz","Lock Tab","Purple","#800080","ALS-4-LOCKTAB","4.00","4oz","50x120mm","25.50","1","2025-07-18 15:06:13","2025-07-18 15:06:13"
"575","2","4oz","Flip Top","Clear","#FFFFFF","ALS-4-FLIPTOP","2.00","4oz","50x120mm","25.50","1","2025-07-18 15:06:13","2025-07-18 15:06:13"
"576","2","4oz","Flip Top","Blue","#0000FF","ALS-4-FLIPTOP","3.00","4oz","50x120mm","25.50","1","2025-07-18 15:06:13","2025-07-18 15:06:13"
"577","2","4oz","Flip Top","Red","#FF0000","ALS-4-FLIPTOP","3.00","4oz","50x120mm","25.50","1","2025-07-18 15:06:13","2025-07-18 15:06:13"
"578","2","4oz","Flip Top","Orange","#FFA500","ALS-4-FLIPTOP","3.00","4oz","50x120mm","25.50","1","2025-07-18 15:06:13","2025-07-18 15:06:13"
"579","2","4oz","Flip Top","Yellow","#FFFF00","ALS-4-FLIPTOP","3.00","4oz","50x120mm","25.50","1","2025-07-18 15:06:13","2025-07-18 15:06:13"
"580","2","4oz","Flip Top","White","#FFFFFF","ALS-4-FLIPTOP","3.00","4oz","50x120mm","25.50","1","2025-07-18 15:06:13","2025-07-18 15:06:13"
"581","2","4oz","Flip Top","Purple","#800080","ALS-4-FLIPTOP","3.00","4oz","50x120mm","25.50","1","2025-07-18 15:06:13","2025-07-18 15:06:13"
"582","2","4oz","Snap Seal","Clear","#FFFFFF","ALS-4-SNAPSEAL","1.00","4oz","50x120mm","25.50","1","2025-07-18 15:06:13","2025-07-18 15:06:13"
"583","2","4oz","Snap Seal","Blue","#0000FF","ALS-4-SNAPSEAL","2.00","4oz","50x120mm","25.50","1","2025-07-18 15:06:13","2025-07-18 15:06:13"
"584","2","4oz","Snap Seal","Red","#FF0000","ALS-4-SNAPSEAL","2.00","4oz","50x120mm","25.50","1","2025-07-18 15:06:13","2025-07-18 15:06:13"
"585","2","4oz","Snap Seal","Orange","#FFA500","ALS-4-SNAPSEAL","2.00","4oz","50x120mm","25.50","1","2025-07-18 15:06:13","2025-07-18 15:06:13"
"586","2","4oz","Snap Seal","Yellow","#FFFF00","ALS-4-SNAPSEAL","2.00","4oz","50x120mm","25.50","1","2025-07-18 15:06:13","2025-07-18 15:06:13"
"587","2","4oz","Snap Seal","White","#FFFFFF","ALS-4-SNAPSEAL","2.00","4oz","50x120mm","25.50","1","2025-07-18 15:06:13","2025-07-18 15:06:13"
"588","2","4oz","Snap Seal","Purple","#800080","ALS-4-SNAPSEAL","2.00","4oz","50x120mm","25.50","1","2025-07-18 15:06:13","2025-07-18 15:06:13"
"589","2","4oz","Screw Cap","Clear","#FFFFFF","ALS-4-SCREWCAP","1.50","4oz","50x120mm","25.50","1","2025-07-18 15:06:13","2025-07-18 15:06:13"
"590","2","4oz","Screw Cap","Blue","#0000FF","ALS-4-SCREWCAP","2.50","4oz","50x120mm","25.50","1","2025-07-18 15:06:13","2025-07-18 15:06:13"
"591","2","4oz","Screw Cap","Red","#FF0000","ALS-4-SCREWCAP","2.50","4oz","50x120mm","25.50","1","2025-07-18 15:06:13","2025-07-18 15:06:13"
"592","2","4oz","Screw Cap","Orange","#FFA500","ALS-4-SCREWCAP","2.50","4oz","50x120mm","25.50","1","2025-07-18 15:06:13","2025-07-18 15:06:13"
"593","2","4oz","Screw Cap","Yellow","#FFFF00","ALS-4-SCREWCAP","2.50","4oz","50x120mm","25.50","1","2025-07-18 15:06:13","2025-07-18 15:06:13"
"594","2","4oz","Screw Cap","White","#FFFFFF","ALS-4-SCREWCAP","2.50","4oz","50x120mm","25.50","1","2025-07-18 15:06:13","2025-07-18 15:06:13"
"595","2","4oz","Screw Cap","Purple","#800080","ALS-4-SCREWCAP","2.50","4oz","50x120mm","25.50","1","2025-07-18 15:06:13","2025-07-18 15:06:13"
"596","3","10oz","Custody","Clear","#FFFFFF","ALS-10-CUSTODY","5.00","10oz","50x120mm","25.50","1","2025-07-18 15:06:13","2025-07-18 15:06:13"
"597","3","10oz","Custody","Blue","#0000FF","ALS-10-CUSTODY","6.00","10oz","50x120mm","25.50","1","2025-07-18 15:06:13","2025-07-18 15:06:13"
"598","3","10oz","Custody","Red","#FF0000","ALS-10-CUSTODY","6.00","10oz","50x120mm","25.50","1","2025-07-18 15:06:13","2025-07-18 15:06:13"
"599","3","10oz","Custody","Orange","#FFA500","ALS-10-CUSTODY","6.00","10oz","50x120mm","25.50","1","2025-07-18 15:06:13","2025-07-18 15:06:13"
"600","3","10oz","Custody","Yellow","#FFFF00","ALS-10-CUSTODY","6.00","10oz","50x120mm","25.50","1","2025-07-18 15:06:13","2025-07-18 15:06:13"
"601","3","10oz","Custody","White","#FFFFFF","ALS-10-CUSTODY","6.00","10oz","50x120mm","25.50","1","2025-07-18 15:06:13","2025-07-18 15:06:13"
"602","3","10oz","Custody","Purple","#800080","ALS-10-CUSTODY","6.00","10oz","50x120mm","25.50","1","2025-07-18 15:06:13","2025-07-18 15:06:13"
"603","3","10oz","Lock Tab","Clear","#FFFFFF","ALS-10-LOCKTAB","3.00","10oz","50x120mm","25.50","1","2025-07-18 15:06:13","2025-07-18 15:06:13"
"604","3","10oz","Lock Tab","Blue","#0000FF","ALS-10-LOCKTAB","4.00","10oz","50x120mm","25.50","1","2025-07-18 15:06:13","2025-07-18 15:06:13"
"605","3","10oz","Lock Tab","Red","#FF0000","ALS-10-LOCKTAB","4.00","10oz","50x120mm","25.50","1","2025-07-18 15:06:13","2025-07-18 15:06:13"
"606","3","10oz","Lock Tab","Orange","#FFA500","ALS-10-LOCKTAB","4.00","10oz","50x120mm","25.50","1","2025-07-18 15:06:13","2025-07-18 15:06:13"
"607","3","10oz","Lock Tab","Yellow","#FFFF00","ALS-10-LOCKTAB","4.00","10oz","50x120mm","25.50","1","2025-07-18 15:06:13","2025-07-18 15:06:13"
"608","3","10oz","Lock Tab","White","#FFFFFF","ALS-10-LOCKTAB","4.00","10oz","50x120mm","25.50","1","2025-07-18 15:06:13","2025-07-18 15:06:13"
"609","3","10oz","Lock Tab","Purple","#800080","ALS-10-LOCKTAB","4.00","10oz","50x120mm","25.50","1","2025-07-18 15:06:13","2025-07-18 15:06:13"
"610","3","10oz","Flip Top","Clear","#FFFFFF","ALS-10-FLIPTOP","2.00","10oz","50x120mm","25.50","1","2025-07-18 15:06:13","2025-07-18 15:06:13"
"611","3","10oz","Flip Top","Blue","#0000FF","ALS-10-FLIPTOP","3.00","10oz","50x120mm","25.50","1","2025-07-18 15:06:13","2025-07-18 15:06:13"
"612","3","10oz","Flip Top","Red","#FF0000","ALS-10-FLIPTOP","3.00","10oz","50x120mm","25.50","1","2025-07-18 15:06:13","2025-07-18 15:06:13"
"613","3","10oz","Flip Top","Orange","#FFA500","ALS-10-FLIPTOP","3.00","10oz","50x120mm","25.50","1","2025-07-18 15:06:13","2025-07-18 15:06:13"
"614","3","10oz","Flip Top","Yellow","#FFFF00","ALS-10-FLIPTOP","3.00","10oz","50x120mm","25.50","1","2025-07-18 15:06:13","2025-07-18 15:06:13"
"615","3","10oz","Flip Top","White","#FFFFFF","ALS-10-FLIPTOP","3.00","10oz","50x120mm","25.50","1","2025-07-18 15:06:13","2025-07-18 15:06:13"
"616","3","10oz","Flip Top","Purple","#800080","ALS-10-FLIPTOP","3.00","10oz","50x120mm","25.50","1","2025-07-18 15:06:13","2025-07-18 15:06:13"
"617","3","10oz","Snap Seal","Clear","#FFFFFF","ALS-10-SNAPSEAL","1.00","10oz","50x120mm","25.50","1","2025-07-18 15:06:13","2025-07-18 15:06:13"
"618","3","10oz","Snap Seal","Blue","#0000FF","ALS-10-SNAPSEAL","2.00","10oz","50x120mm","25.50","1","2025-07-18 15:06:13","2025-07-18 15:06:13"
"619","3","10oz","Snap Seal","Red","#FF0000","ALS-10-SNAPSEAL","2.00","10oz","50x120mm","25.50","1","2025-07-18 15:06:13","2025-07-18 15:06:13"
"620","3","10oz","Snap Seal","Orange","#FFA500","ALS-10-SNAPSEAL","2.00","10oz","50x120mm","25.50","1","2025-07-18 15:06:13","2025-07-18 15:06:13"
"621","3","10oz","Snap Seal","Yellow","#FFFF00","ALS-10-SNAPSEAL","2.00","10oz","50x120mm","25.50","1","2025-07-18 15:06:13","2025-07-18 15:06:13"
"622","3","10oz","Snap Seal","White","#FFFFFF","ALS-10-SNAPSEAL","2.00","10oz","50x120mm","25.50","1","2025-07-18 15:06:13","2025-07-18 15:06:13"
"623","3","10oz","Snap Seal","Purple","#800080","ALS-10-SNAPSEAL","2.00","10oz","50x120mm","25.50","1","2025-07-18 15:06:13","2025-07-18 15:06:13"
"624","3","10oz","Screw Cap","Clear","#FFFFFF","ALS-10-SCREWCAP","1.50","10oz","50x120mm","25.50","1","2025-07-18 15:06:13","2025-07-18 15:06:13"
"625","3","10oz","Screw Cap","Blue","#0000FF","ALS-10-SCREWCAP","2.50","10oz","50x120mm","25.50","1","2025-07-18 15:06:13","2025-07-18 15:06:13"
"626","3","10oz","Screw Cap","Red","#FF0000","ALS-10-SCREWCAP","2.50","10oz","50x120mm","25.50","1","2025-07-18 15:06:13","2025-07-18 15:06:13"
"627","3","10oz","Screw Cap","Orange","#FFA500","ALS-10-SCREWCAP","2.50","10oz","50x120mm","25.50","1","2025-07-18 15:06:13","2025-07-18 15:06:13"
"628","3","10oz","Screw Cap","Yellow","#FFFF00","ALS-10-SCREWCAP","2.50","10oz","50x120mm","25.50","1","2025-07-18 15:06:13","2025-07-18 15:06:13"
"629","3","10oz","Screw Cap","White","#FFFFFF","ALS-10-SCREWCAP","2.50","10oz","50x120mm","25.50","1","2025-07-18 15:06:13","2025-07-18 15:06:13"
"630","3","10oz","Screw Cap","Purple","#800080","ALS-10-SCREWCAP","2.50","10oz","50x120mm","25.50","1","2025-07-18 15:06:13","2025-07-18 15:06:13"
"631","4","12ml","Custody","Clear","#FFFFFF","ALS-12-CUSTODY","5.00","12ml","50x120mm","25.50","1","2025-07-18 15:06:13","2025-07-18 15:06:13"
"632","4","12ml","Custody","Blue","#0000FF","ALS-12-CUSTODY","6.00","12ml","50x120mm","25.50","1","2025-07-18 15:06:13","2025-07-18 15:06:13"
"633","4","12ml","Custody","Red","#FF0000","ALS-12-CUSTODY","6.00","12ml","50x120mm","25.50","1","2025-07-18 15:06:13","2025-07-18 15:06:13"
"634","4","12ml","Custody","Orange","#FFA500","ALS-12-CUSTODY","6.00","12ml","50x120mm","25.50","1","2025-07-18 15:06:13","2025-07-18 15:06:13"
"635","4","12ml","Custody","Yellow","#FFFF00","ALS-12-CUSTODY","6.00","12ml","50x120mm","25.50","1","2025-07-18 15:06:13","2025-07-18 15:06:13"
"636","4","12ml","Custody","White","#FFFFFF","ALS-12-CUSTODY","6.00","12ml","50x120mm","25.50","1","2025-07-18 15:06:13","2025-07-18 15:06:13"
"637","4","12ml","Custody","Purple","#800080","ALS-12-CUSTODY","6.00","12ml","50x120mm","25.50","1","2025-07-18 15:06:13","2025-07-18 15:06:13"
"638","4","12ml","Lock Tab","Clear","#FFFFFF","ALS-12-LOCKTAB","3.00","12ml","50x120mm","25.50","1","2025-07-18 15:06:13","2025-07-18 15:06:13"
"639","4","12ml","Lock Tab","Blue","#0000FF","ALS-12-LOCKTAB","4.00","12ml","50x120mm","25.50","1","2025-07-18 15:06:13","2025-07-18 15:06:13"
"640","4","12ml","Lock Tab","Red","#FF0000","ALS-12-LOCKTAB","4.00","12ml","50x120mm","25.50","1","2025-07-18 15:06:13","2025-07-18 15:06:13"
"641","4","12ml","Lock Tab","Orange","#FFA500","ALS-12-LOCKTAB","4.00","12ml","50x120mm","25.50","1","2025-07-18 15:06:13","2025-07-18 15:06:13"
"642","4","12ml","Lock Tab","Yellow","#FFFF00","ALS-12-LOCKTAB","4.00","12ml","50x120mm","25.50","1","2025-07-18 15:06:13","2025-07-18 15:06:13"
"643","4","12ml","Lock Tab","White","#FFFFFF","ALS-12-LOCKTAB","4.00","12ml","50x120mm","25.50","1","2025-07-18 15:06:13","2025-07-18 15:06:13"
"644","4","12ml","Lock Tab","Purple","#800080","ALS-12-LOCKTAB","4.00","12ml","50x120mm","25.50","1","2025-07-18 15:06:13","2025-07-18 15:06:13"
"645","4","12ml","Flip Top","Clear","#FFFFFF","ALS-12-FLIPTOP","2.00","12ml","50x120mm","25.50","1","2025-07-18 15:06:13","2025-07-18 15:06:13"
"646","4","12ml","Flip Top","Blue","#0000FF","ALS-12-FLIPTOP","3.00","12ml","50x120mm","25.50","1","2025-07-18 15:06:13","2025-07-18 15:06:13"
"647","4","12ml","Flip Top","Red","#FF0000","ALS-12-FLIPTOP","3.00","12ml","50x120mm","25.50","1","2025-07-18 15:06:13","2025-07-18 15:06:13"
"648","4","12ml","Flip Top","Orange","#FFA500","ALS-12-FLIPTOP","3.00","12ml","50x120mm","25.50","1","2025-07-18 15:06:13","2025-07-18 15:06:13"
"649","4","12ml","Flip Top","Yellow","#FFFF00","ALS-12-FLIPTOP","3.00","12ml","50x120mm","25.50","1","2025-07-18 15:06:13","2025-07-18 15:06:13"
"650","4","12ml","Flip Top","White","#FFFFFF","ALS-12-FLIPTOP","3.00","12ml","50x120mm","25.50","1","2025-07-18 15:06:13","2025-07-18 15:06:13"
"651","4","12ml","Flip Top","Purple","#800080","ALS-12-FLIPTOP","3.00","12ml","50x120mm","25.50","1","2025-07-18 15:06:13","2025-07-18 15:06:13"
"652","4","12ml","Snap Seal","Clear","#FFFFFF","ALS-12-SNAPSEAL","1.00","12ml","50x120mm","25.50","1","2025-07-18 15:06:13","2025-07-18 15:06:13"
"653","4","12ml","Snap Seal","Blue","#0000FF","ALS-12-SNAPSEAL","2.00","12ml","50x120mm","25.50","1","2025-07-18 15:06:13","2025-07-18 15:06:13"
"654","4","12ml","Snap Seal","Red","#FF0000","ALS-12-SNAPSEAL","2.00","12ml","50x120mm","25.50","1","2025-07-18 15:06:13","2025-07-18 15:06:13"
"655","4","12ml","Snap Seal","Orange","#FFA500","ALS-12-SNAPSEAL","2.00","12ml","50x120mm","25.50","1","2025-07-18 15:06:13","2025-07-18 15:06:13"
"656","4","12ml","Snap Seal","Yellow","#FFFF00","ALS-12-SNAPSEAL","2.00","12ml","50x120mm","25.50","1","2025-07-18 15:06:13","2025-07-18 15:06:13"
"657","4","12ml","Snap Seal","White","#FFFFFF","ALS-12-SNAPSEAL","2.00","12ml","50x120mm","25.50","1","2025-07-18 15:06:13","2025-07-18 15:06:13"
"658","4","12ml","Snap Seal","Purple","#800080","ALS-12-SNAPSEAL","2.00","12ml","50x120mm","25.50","1","2025-07-18 15:06:13","2025-07-18 15:06:13"
"659","4","12ml","Screw Cap","Clear","#FFFFFF","ALS-12-SCREWCAP","1.50","12ml","50x120mm","25.50","1","2025-07-18 15:06:13","2025-07-18 15:06:13"
"660","4","12ml","Screw Cap","Blue","#0000FF","ALS-12-SCREWCAP","2.50","12ml","50x120mm","25.50","1","2025-07-18 15:06:13","2025-07-18 15:06:13"
"661","4","12ml","Screw Cap","Red","#FF0000","ALS-12-SCREWCAP","2.50","12ml","50x120mm","25.50","1","2025-07-18 15:06:13","2025-07-18 15:06:13"
"662","4","12ml","Screw Cap","Orange","#FFA500","ALS-12-SCREWCAP","2.50","12ml","50x120mm","25.50","1","2025-07-18 15:06:13","2025-07-18 15:06:13"
"663","4","12ml","Screw Cap","Yellow","#FFFF00","ALS-12-SCREWCAP","2.50","12ml","50x120mm","25.50","1","2025-07-18 15:06:13","2025-07-18 15:06:13"
"664","4","12ml","Screw Cap","White","#FFFFFF","ALS-12-SCREWCAP","2.50","12ml","50x120mm","25.50","1","2025-07-18 15:06:13","2025-07-18 15:06:13"
"665","4","12ml","Screw Cap","Purple","#800080","ALS-12-SCREWCAP","2.50","12ml","50x120mm","25.50","1","2025-07-18 15:06:13","2025-07-18 15:06:13"
"666","5","10ml","Custody","Clear","#FFFFFF","ALS-10-CUSTODY","5.00","10ml","50x120mm","25.50","1","2025-07-18 15:06:13","2025-07-18 15:06:13"
"667","5","10ml","Custody","Blue","#0000FF","ALS-10-CUSTODY","6.00","10ml","50x120mm","25.50","1","2025-07-18 15:06:13","2025-07-18 15:06:13"
"668","5","10ml","Custody","Red","#FF0000","ALS-10-CUSTODY","6.00","10ml","50x120mm","25.50","1","2025-07-18 15:06:13","2025-07-18 15:06:13"
"669","5","10ml","Custody","Orange","#FFA500","ALS-10-CUSTODY","6.00","10ml","50x120mm","25.50","1","2025-07-18 15:06:13","2025-07-18 15:06:13"
"670","5","10ml","Custody","Yellow","#FFFF00","ALS-10-CUSTODY","6.00","10ml","50x120mm","25.50","1","2025-07-18 15:06:13","2025-07-18 15:06:13"
"671","5","10ml","Custody","White","#FFFFFF","ALS-10-CUSTODY","6.00","10ml","50x120mm","25.50","1","2025-07-18 15:06:13","2025-07-18 15:06:13"
"672","5","10ml","Custody","Purple","#800080","ALS-10-CUSTODY","6.00","10ml","50x120mm","25.50","1","2025-07-18 15:06:13","2025-07-18 15:06:13"
"673","5","10ml","Lock Tab","Clear","#FFFFFF","ALS-10-LOCKTAB","3.00","10ml","50x120mm","25.50","1","2025-07-18 15:06:13","2025-07-18 15:06:13"
"674","5","10ml","Lock Tab","Blue","#0000FF","ALS-10-LOCKTAB","4.00","10ml","50x120mm","25.50","1","2025-07-18 15:06:13","2025-07-18 15:06:13"
"675","5","10ml","Lock Tab","Red","#FF0000","ALS-10-LOCKTAB","4.00","10ml","50x120mm","25.50","1","2025-07-18 15:06:13","2025-07-18 15:06:13"
"676","5","10ml","Lock Tab","Orange","#FFA500","ALS-10-LOCKTAB","4.00","10ml","50x120mm","25.50","1","2025-07-18 15:06:13","2025-07-18 15:06:13"
"677","5","10ml","Lock Tab","Yellow","#FFFF00","ALS-10-LOCKTAB","4.00","10ml","50x120mm","25.50","1","2025-07-18 15:06:13","2025-07-18 15:06:13"
"678","5","10ml","Lock Tab","White","#FFFFFF","ALS-10-LOCKTAB","4.00","10ml","50x120mm","25.50","1","2025-07-18 15:06:13","2025-07-18 15:06:13"
"679","5","10ml","Lock Tab","Purple","#800080","ALS-10-LOCKTAB","4.00","10ml","50x120mm","25.50","1","2025-07-18 15:06:13","2025-07-18 15:06:13"
"680","5","10ml","Flip Top","Clear","#FFFFFF","ALS-10-FLIPTOP","2.00","10ml","50x120mm","25.50","1","2025-07-18 15:06:13","2025-07-18 15:06:13"
"681","5","10ml","Flip Top","Blue","#0000FF","ALS-10-FLIPTOP","3.00","10ml","50x120mm","25.50","1","2025-07-18 15:06:13","2025-07-18 15:06:13"
"682","5","10ml","Flip Top","Red","#FF0000","ALS-10-FLIPTOP","3.00","10ml","50x120mm","25.50","1","2025-07-18 15:06:13","2025-07-18 15:06:13"
"683","5","10ml","Flip Top","Orange","#FFA500","ALS-10-FLIPTOP","3.00","10ml","50x120mm","25.50","1","2025-07-18 15:06:13","2025-07-18 15:06:13"
"684","5","10ml","Flip Top","Yellow","#FFFF00","ALS-10-FLIPTOP","3.00","10ml","50x120mm","25.50","1","2025-07-18 15:06:13","2025-07-18 15:06:13"
"685","5","10ml","Flip Top","White","#FFFFFF","ALS-10-FLIPTOP","3.00","10ml","50x120mm","25.50","1","2025-07-18 15:06:13","2025-07-18 15:06:13"
"686","5","10ml","Flip Top","Purple","#800080","ALS-10-FLIPTOP","3.00","10ml","50x120mm","25.50","1","2025-07-18 15:06:13","2025-07-18 15:06:13"
"687","5","10ml","Snap Seal","Clear","#FFFFFF","ALS-10-SNAPSEAL","1.00","10ml","50x120mm","25.50","1","2025-07-18 15:06:13","2025-07-18 15:06:13"
"688","5","10ml","Snap Seal","Blue","#0000FF","ALS-10-SNAPSEAL","2.00","10ml","50x120mm","25.50","1","2025-07-18 15:06:13","2025-07-18 15:06:13"
"689","5","10ml","Snap Seal","Red","#FF0000","ALS-10-SNAPSEAL","2.00","10ml","50x120mm","25.50","1","2025-07-18 15:06:13","2025-07-18 15:06:13"
"690","5","10ml","Snap Seal","Orange","#FFA500","ALS-10-SNAPSEAL","2.00","10ml","50x120mm","25.50","1","2025-07-18 15:06:13","2025-07-18 15:06:13"
"691","5","10ml","Snap Seal","Yellow","#FFFF00","ALS-10-SNAPSEAL","2.00","10ml","50x120mm","25.50","1","2025-07-18 15:06:13","2025-07-18 15:06:13"
"692","5","10ml","Snap Seal","White","#FFFFFF","ALS-10-SNAPSEAL","2.00","10ml","50x120mm","25.50","1","2025-07-18 15:06:13","2025-07-18 15:06:13"
"693","5","10ml","Snap Seal","Purple","#800080","ALS-10-SNAPSEAL","2.00","10ml","50x120mm","25.50","1","2025-07-18 15:06:13","2025-07-18 15:06:13"
"694","5","10ml","Screw Cap","Clear","#FFFFFF","ALS-10-SCREWCAP","1.50","10ml","50x120mm","25.50","1","2025-07-18 15:06:13","2025-07-18 15:06:13"
"695","5","10ml","Screw Cap","Blue","#0000FF","ALS-10-SCREWCAP","2.50","10ml","50x120mm","25.50","1","2025-07-18 15:06:13","2025-07-18 15:06:13"
"696","5","10ml","Screw Cap","Red","#FF0000","ALS-10-SCREWCAP","2.50","10ml","50x120mm","25.50","1","2025-07-18 15:06:13","2025-07-18 15:06:13"
"697","5","10ml","Screw Cap","Orange","#FFA500","ALS-10-SCREWCAP","2.50","10ml","50x120mm","25.50","1","2025-07-18 15:06:13","2025-07-18 15:06:13"
"698","5","10ml","Screw Cap","Yellow","#FFFF00","ALS-10-SCREWCAP","2.50","10ml","50x120mm","25.50","1","2025-07-18 15:06:13","2025-07-18 15:06:13"
"699","5","10ml","Screw Cap","White","#FFFFFF","ALS-10-SCREWCAP","2.50","10ml","50x120mm","25.50","1","2025-07-18 15:06:13","2025-07-18 15:06:13"
"700","5","10ml","Screw Cap","Purple","#800080","ALS-10-SCREWCAP","2.50","10ml","50x120mm","25.50","1","2025-07-18 15:06:13","2025-07-18 15:06:13"
